group_order,group,group_description,category_order,category,product_order,name_ar,unit
1,أدوات المائدة والتقديم,أدوات مائدة خشبية وبلاستيكية، شاليموات، أكواب ورقية وبلاستيكية، وأطباق فوم — أساسيات خدمة الطعام اليومية.,1,أدوات المائدة الخشبية,1,سكينة خشب ×100,باكت
1,أدوات المائدة والتقديم,أدوات مائدة خشبية وبلاستيكية، شاليموات، أكواب ورقية وبلاستيكية، وأطباق فوم — أساسيات خدمة الطعام اليومية.,1,أدوات المائدة الخشبية,2,شوكة خشب ×100,باكت
1,أدوات المائدة والتقديم,أدوات مائدة خشبية وبلاستيكية، شاليموات، أكواب ورقية وبلاستيكية، وأطباق فوم — أساسيات خدمة الطعام اليومية.,1,أدوات المائدة الخشبية,3,معلقة أكل خشب ×100,باكت
1,أدوات المائدة والتقديم,أدوات مائدة خشبية وبلاستيكية، شاليموات، أكواب ورقية وبلاستيكية، وأطباق فوم — أساسيات خدمة الطعام اليومية.,1,أدوات المائدة الخشبية,4,معلقة شاي خشب ×100,باكت
1,أدوات المائدة والتقديم,أدوات مائدة خشبية وبلاستيكية، شاليموات، أكواب ورقية وبلاستيكية، وأطباق فوم — أساسيات خدمة الطعام اليومية.,1,أدوات المائدة الخشبية,5,استيلر خشب 13سم (800-1000),باكت
1,أدوات المائدة والتقديم,أدوات مائدة خشبية وبلاستيكية، شاليموات، أكواب ورقية وبلاستيكية، وأطباق فوم — أساسيات خدمة الطعام اليومية.,1,أدوات المائدة الخشبية,6,شيش كباب ×40,باكت
1,أدوات المائدة والتقديم,أدوات مائدة خشبية وبلاستيكية، شاليموات، أكواب ورقية وبلاستيكية، وأطباق فوم — أساسيات خدمة الطعام اليومية.,1,أدوات المائدة الخشبية,7,خلة أسنان مغلفة,باكت
1,أدوات المائدة والتقديم,أدوات مائدة خشبية وبلاستيكية، شاليموات، أكواب ورقية وبلاستيكية، وأطباق فوم — أساسيات خدمة الطعام اليومية.,1,أدوات المائدة الخشبية,8,خلة أسنان بدون تغليف,باكت
1,أدوات المائدة والتقديم,أدوات مائدة خشبية وبلاستيكية، شاليموات، أكواب ورقية وبلاستيكية، وأطباق فوم — أساسيات خدمة الطعام اليومية.,2,أدوات المائدة البلاستيك,1,معلقة بلاستك كبيرة ×100,باكت
1,أدوات المائدة والتقديم,أدوات مائدة خشبية وبلاستيكية، شاليموات، أكواب ورقية وبلاستيكية، وأطباق فوم — أساسيات خدمة الطعام اليومية.,2,أدوات المائدة البلاستيك,2,معلقة بلاستك حلو بيور ×3000,كرتونة
1,أدوات المائدة والتقديم,أدوات مائدة خشبية وبلاستيكية، شاليموات، أكواب ورقية وبلاستيكية، وأطباق فوم — أساسيات خدمة الطعام اليومية.,2,أدوات المائدة البلاستيك,3,شوكة بلاستك كبيرة ×100,باكت
1,أدوات المائدة والتقديم,أدوات مائدة خشبية وبلاستيكية، شاليموات، أكواب ورقية وبلاستيكية، وأطباق فوم — أساسيات خدمة الطعام اليومية.,2,أدوات المائدة البلاستيك,4,سكينة بلاستك كبيرة,كرتونة
1,أدوات المائدة والتقديم,أدوات مائدة خشبية وبلاستيكية، شاليموات، أكواب ورقية وبلاستيكية، وأطباق فوم — أساسيات خدمة الطعام اليومية.,3,الشاليموات (سن العصير),1,شالمونة ورق 6مم بدون تغليف ×100,باكت
1,أدوات المائدة والتقديم,أدوات مائدة خشبية وبلاستيكية، شاليموات، أكواب ورقية وبلاستيكية، وأطباق فوم — أساسيات خدمة الطعام اليومية.,3,الشاليموات (سن العصير),2,شالمونة ورق 6مم مغلفة مصري,باكت
1,أدوات المائدة والتقديم,أدوات مائدة خشبية وبلاستيكية، شاليموات، أكواب ورقية وبلاستيكية، وأطباق فوم — أساسيات خدمة الطعام اليومية.,3,الشاليموات (سن العصير),3,شالمونة ورق 6مم مغلفة مستورد ×100,باكت
1,أدوات المائدة والتقديم,أدوات مائدة خشبية وبلاستيكية، شاليموات، أكواب ورقية وبلاستيكية، وأطباق فوم — أساسيات خدمة الطعام اليومية.,4,الأكواب,1,كوب ورق 9 أونز,كرتونة
1,أدوات المائدة والتقديم,أدوات مائدة خشبية وبلاستيكية، شاليموات، أكواب ورقية وبلاستيكية، وأطباق فوم — أساسيات خدمة الطعام اليومية.,4,الأكواب,2,كوب آيس كريم 1 بولة,كرتونة
1,أدوات المائدة والتقديم,أدوات مائدة خشبية وبلاستيكية، شاليموات، أكواب ورقية وبلاستيكية، وأطباق فوم — أساسيات خدمة الطعام اليومية.,4,الأكواب,3,كوب آيس كريم 2 بولة,كرتونة
1,أدوات المائدة والتقديم,أدوات مائدة خشبية وبلاستيكية، شاليموات، أكواب ورقية وبلاستيكية، وأطباق فوم — أساسيات خدمة الطعام اليومية.,4,الأكواب,4,كوب شوب 180 مل شفاف ×2000 جولد سكاي,كرتونة
1,أدوات المائدة والتقديم,أدوات مائدة خشبية وبلاستيكية، شاليموات، أكواب ورقية وبلاستيكية، وأطباق فوم — أساسيات خدمة الطعام اليومية.,4,الأكواب,5,كوب شوب 250 مل جولد سكاي,كرتونة
1,أدوات المائدة والتقديم,أدوات مائدة خشبية وبلاستيكية، شاليموات، أكواب ورقية وبلاستيكية، وأطباق فوم — أساسيات خدمة الطعام اليومية.,5,الأطباق والكوستر,1,طبق فوم 1/4ك ×1000,لفة
1,أدوات المائدة والتقديم,أدوات مائدة خشبية وبلاستيكية، شاليموات، أكواب ورقية وبلاستيكية، وأطباق فوم — أساسيات خدمة الطعام اليومية.,5,الأطباق والكوستر,2,طبق فوم 1/2ك ×1000,لفة
1,أدوات المائدة والتقديم,أدوات مائدة خشبية وبلاستيكية، شاليموات، أكواب ورقية وبلاستيكية، وأطباق فوم — أساسيات خدمة الطعام اليومية.,5,الأطباق والكوستر,3,كوستر ورق سادة,باكت
2,التعبئة والتغليف,ورق زبدة، فويل ألومنيوم، رولات استرتش، كوفير وقواعد تورتة، وأكياس قمامة بمقاسات تجارية.,1,ورق الزبدة,1,ورق زبدة 500 ورقة,رزمة
2,التعبئة والتغليف,ورق زبدة، فويل ألومنيوم، رولات استرتش، كوفير وقواعد تورتة، وأكياس قمامة بمقاسات تجارية.,1,ورق الزبدة,2,ورق زبدة ×5 كيلو إسباني,رزمة
2,التعبئة والتغليف,ورق زبدة، فويل ألومنيوم، رولات استرتش، كوفير وقواعد تورتة، وأكياس قمامة بمقاسات تجارية.,1,ورق الزبدة,3,ورق زبدة ×4 ك,رزمة
2,التعبئة والتغليف,ورق زبدة، فويل ألومنيوم، رولات استرتش، كوفير وقواعد تورتة، وأكياس قمامة بمقاسات تجارية.,2,الفويل,1,فويل 45-50 متر,رول
2,التعبئة والتغليف,ورق زبدة، فويل ألومنيوم، رولات استرتش، كوفير وقواعد تورتة، وأكياس قمامة بمقاسات تجارية.,2,الفويل,2,فويل 55-60 متر,رول
2,التعبئة والتغليف,ورق زبدة، فويل ألومنيوم، رولات استرتش، كوفير وقواعد تورتة، وأكياس قمامة بمقاسات تجارية.,3,رول بلاستيك (استرتش),1,رول بلاستك 40سم كينج,رول
2,التعبئة والتغليف,ورق زبدة، فويل ألومنيوم، رولات استرتش، كوفير وقواعد تورتة، وأكياس قمامة بمقاسات تجارية.,3,رول بلاستيك (استرتش),2,رول بلاستك 40سم النمساوي توت,رول
2,التعبئة والتغليف,ورق زبدة، فويل ألومنيوم، رولات استرتش، كوفير وقواعد تورتة، وأكياس قمامة بمقاسات تجارية.,4,الكوفير وقواعد التورتة,1,كوفير 3×1,قطعة
2,التعبئة والتغليف,ورق زبدة، فويل ألومنيوم، رولات استرتش، كوفير وقواعد تورتة، وأكياس قمامة بمقاسات تجارية.,4,الكوفير وقواعد التورتة,2,كوفير 6×1 أبيض,قطعة
2,التعبئة والتغليف,ورق زبدة، فويل ألومنيوم، رولات استرتش، كوفير وقواعد تورتة، وأكياس قمامة بمقاسات تجارية.,4,الكوفير وقواعد التورتة,3,قواعد تورتة وجه واحد,كيلو
2,التعبئة والتغليف,ورق زبدة، فويل ألومنيوم، رولات استرتش، كوفير وقواعد تورتة، وأكياس قمامة بمقاسات تجارية.,5,أكياس القمامة,1,كيس رابش أزرق (15 كيس ×ك),ك
2,التعبئة والتغليف,ورق زبدة، فويل ألومنيوم، رولات استرتش، كوفير وقواعد تورتة، وأكياس قمامة بمقاسات تجارية.,5,أكياس القمامة,2,كيس رابش باسكت أبيض 70 كيس,ك
3,الورقيات ومستلزمات النظافة الشخصية,بكر تواليت ومناشف سحب ورولات مطبخ ومناديل سفرة بجودة الفنادق، إضافة إلى الجوانتيات وبونيه الرأس.,1,الورقيات,1,بكر تواليت 90 جم فنادق,لفة
3,الورقيات ومستلزمات النظافة الشخصية,بكر تواليت ومناشف سحب ورولات مطبخ ومناديل سفرة بجودة الفنادق، إضافة إلى الجوانتيات وبونيه الرأس.,1,الورقيات,2,رول مناديل تواليت 450 جم,لفة
3,الورقيات ومستلزمات النظافة الشخصية,بكر تواليت ومناشف سحب ورولات مطبخ ومناديل سفرة بجودة الفنادق، إضافة إلى الجوانتيات وبونيه الرأس.,1,الورقيات,3,مناشف سحب سي فولد,لفة
3,الورقيات ومستلزمات النظافة الشخصية,بكر تواليت ومناشف سحب ورولات مطبخ ومناديل سفرة بجودة الفنادق، إضافة إلى الجوانتيات وبونيه الرأس.,1,الورقيات,4,رول مناديل مطبخ صغير 650 جم,لفة
3,الورقيات ومستلزمات النظافة الشخصية,بكر تواليت ومناشف سحب ورولات مطبخ ومناديل سفرة بجودة الفنادق، إضافة إلى الجوانتيات وبونيه الرأس.,1,الورقيات,5,رول مناديل مطبخ 1200 جم,لفة
3,الورقيات ومستلزمات النظافة الشخصية,بكر تواليت ومناشف سحب ورولات مطبخ ومناديل سفرة بجودة الفنادق، إضافة إلى الجوانتيات وبونيه الرأس.,1,الورقيات,6,مناديل سفرة 33سم ×40,لفة
3,الورقيات ومستلزمات النظافة الشخصية,بكر تواليت ومناشف سحب ورولات مطبخ ومناديل سفرة بجودة الفنادق، إضافة إلى الجوانتيات وبونيه الرأس.,1,الورقيات,7,ورق تصوير 80 جم أزهار,باكت
3,الورقيات ومستلزمات النظافة الشخصية,بكر تواليت ومناشف سحب ورولات مطبخ ومناديل سفرة بجودة الفنادق، إضافة إلى الجوانتيات وبونيه الرأس.,2,الجوانتيات وأغطية الرأس,1,جوانتي طبي أبيض,باكت
3,الورقيات ومستلزمات النظافة الشخصية,بكر تواليت ومناشف سحب ورولات مطبخ ومناديل سفرة بجودة الفنادق، إضافة إلى الجوانتيات وبونيه الرأس.,2,الجوانتيات وأغطية الرأس,2,جوانتي طبي أزرق,باكت
3,الورقيات ومستلزمات النظافة الشخصية,بكر تواليت ومناشف سحب ورولات مطبخ ومناديل سفرة بجودة الفنادق، إضافة إلى الجوانتيات وبونيه الرأس.,2,الجوانتيات وأغطية الرأس,3,هيد كفر ×100 (بونية طبي),باكت
4,مستلزمات تشغيل المطابخ والضيافة,استرنو للبوفيهات، شمع معدني، لباد، فوط تشغيل وشماعات — تجهيزات الصالة والمطبخ.,1,الاسترنو والشمع,1,استرنو جامبو 4 ساعة,كرتونة
4,مستلزمات تشغيل المطابخ والضيافة,استرنو للبوفيهات، شمع معدني، لباد، فوط تشغيل وشماعات — تجهيزات الصالة والمطبخ.,1,الاسترنو والشمع,2,استرنو أمريكي 72 علبة,كرتونة
4,مستلزمات تشغيل المطابخ والضيافة,استرنو للبوفيهات، شمع معدني، لباد، فوط تشغيل وشماعات — تجهيزات الصالة والمطبخ.,1,الاسترنو والشمع,3,شمع معدني 4 ساعة ×100,باكت
4,مستلزمات تشغيل المطابخ والضيافة,استرنو للبوفيهات، شمع معدني، لباد، فوط تشغيل وشماعات — تجهيزات الصالة والمطبخ.,1,الاسترنو والشمع,4,شمع معدني 8 ساعة ×50,باكت
4,مستلزمات تشغيل المطابخ والضيافة,استرنو للبوفيهات، شمع معدني، لباد، فوط تشغيل وشماعات — تجهيزات الصالة والمطبخ.,2,الفوط والتجهيزات,1,لباد أبيض - أسود - أحمر,قطعة
4,مستلزمات تشغيل المطابخ والضيافة,استرنو للبوفيهات، شمع معدني، لباد، فوط تشغيل وشماعات — تجهيزات الصالة والمطبخ.,2,الفوط والتجهيزات,2,فوطة عش النمل,دستة
4,مستلزمات تشغيل المطابخ والضيافة,استرنو للبوفيهات، شمع معدني، لباد، فوط تشغيل وشماعات — تجهيزات الصالة والمطبخ.,2,الفوط والتجهيزات,3,شماعة بلاستيك بيور,قطعة
5,المنظفات والكيماويات,مطهرات ومبيدات، كلور، منظفات زجاج وغسيل، صابون سائل بعبوات 20 لتر، ومعطرات جو.,1,المطهرات والمبيدات,1,راجون 250 ملي,قطعة
5,المنظفات والكيماويات,مطهرات ومبيدات، كلور، منظفات زجاج وغسيل، صابون سائل بعبوات 20 لتر، ومعطرات جو.,1,المطهرات والمبيدات,2,بيروسول,قطعة
5,المنظفات والكيماويات,مطهرات ومبيدات، كلور، منظفات زجاج وغسيل، صابون سائل بعبوات 20 لتر، ومعطرات جو.,1,المطهرات والمبيدات,3,ديتول 500 ملي,قطعة
5,المنظفات والكيماويات,مطهرات ومبيدات، كلور، منظفات زجاج وغسيل، صابون سائل بعبوات 20 لتر، ومعطرات جو.,1,المطهرات والمبيدات,4,كلور أطلانتس 1 لتر,زجاجة
5,المنظفات والكيماويات,مطهرات ومبيدات، كلور، منظفات زجاج وغسيل، صابون سائل بعبوات 20 لتر، ومعطرات جو.,2,المنظفات والصابون,1,موران,قطعة
5,المنظفات والكيماويات,مطهرات ومبيدات، كلور، منظفات زجاج وغسيل، صابون سائل بعبوات 20 لتر، ومعطرات جو.,2,المنظفات والصابون,2,إريال أوتوماتيك 1 ك,ك
5,المنظفات والكيماويات,مطهرات ومبيدات، كلور، منظفات زجاج وغسيل، صابون سائل بعبوات 20 لتر، ومعطرات جو.,2,المنظفات والصابون,3,جلانس بالرشاش ×2 بيور,عرض
5,المنظفات والكيماويات,مطهرات ومبيدات، كلور، منظفات زجاج وغسيل، صابون سائل بعبوات 20 لتر، ومعطرات جو.,2,المنظفات والصابون,4,صابون سائل 20 لتر,جركن
5,المنظفات والكيماويات,مطهرات ومبيدات، كلور، منظفات زجاج وغسيل، صابون سائل بعبوات 20 لتر، ومعطرات جو.,3,معطرات الجو,1,معطر جو فريدال,قطعة
6,أدوات النظافة,مكانس ومساحات وفرش وجواريف وليف وإسفنج وفوط أرضيات — عُدة طاقم النظافة كاملة.,1,أدوات التنظيف,1,مكنسة الهلال بدون يد,قطعة
6,أدوات النظافة,مكانس ومساحات وفرش وجواريف وليف وإسفنج وفوط أرضيات — عُدة طاقم النظافة كاملة.,1,أدوات التنظيف,2,مساحة الهلال بدون يد,قطعة
6,أدوات النظافة,مكانس ومساحات وفرش وجواريف وليف وإسفنج وفوط أرضيات — عُدة طاقم النظافة كاملة.,1,أدوات التنظيف,3,يد خشب زان,قطعة
6,أدوات النظافة,مكانس ومساحات وفرش وجواريف وليف وإسفنج وفوط أرضيات — عُدة طاقم النظافة كاملة.,1,أدوات التنظيف,4,جاروف بلدوزر باليد,قطعة
6,أدوات النظافة,مكانس ومساحات وفرش وجواريف وليف وإسفنج وفوط أرضيات — عُدة طاقم النظافة كاملة.,1,أدوات التنظيف,5,فرشة بلاط باليد هلال,قطعة
6,أدوات النظافة,مكانس ومساحات وفرش وجواريف وليف وإسفنج وفوط أرضيات — عُدة طاقم النظافة كاملة.,1,أدوات التنظيف,6,فرشة تواليت بالقاعدة هلال,قطعة
6,أدوات النظافة,مكانس ومساحات وفرش وجواريف وليف وإسفنج وفوط أرضيات — عُدة طاقم النظافة كاملة.,2,الليف والإسفنج,1,ليفة ضد البكتريا 1×3 صيني,باكت
6,أدوات النظافة,مكانس ومساحات وفرش وجواريف وليف وإسفنج وفوط أرضيات — عُدة طاقم النظافة كاملة.,2,الليف والإسفنج,2,إسبونشة لهلوبة,قطعة
6,أدوات النظافة,مكانس ومساحات وفرش وجواريف وليف وإسفنج وفوط أرضيات — عُدة طاقم النظافة كاملة.,2,الليف والإسفنج,3,ليفة سلك استانلس كبير,قطعة
6,أدوات النظافة,مكانس ومساحات وفرش وجواريف وليف وإسفنج وفوط أرضيات — عُدة طاقم النظافة كاملة.,3,المساحات والفوط,1,مساحة معدن 60سم,قطعة
6,أدوات النظافة,مكانس ومساحات وفرش وجواريف وليف وإسفنج وفوط أرضيات — عُدة طاقم النظافة كاملة.,3,المساحات والفوط,2,فوطة أرضيات,قطعة
